{"acc": [0.592333333492279, 0.5960000003178915, 0.5693333333333334, 0.5946666669845581, 0.6086666666666667, 0.6063333336512248, 0.602, 0.6056666669845581, 0.6113333336512248, 0.5973333336512248, 0.6156666666666667, 0.61, 0.6086666669845581, 0.6266666666666667, 0.6086666666666667, 0.6180000003178915, 0.611333333492279, 0.6230000003178915, 0.64, 0.6416666668256124, 0.6313333333333333, 0.6253333336512248, 0.6366666666666667, 0.6396666668256124, 0.641, 0.636, 0.6430000003178914, 0.6346666668256123, 0.6466666666666666, 0.6413333334922791, 0.6346666668256123, 0.6470000001589458, 0.6410000001589458, 0.6613333334922791, 0.65, 0.6620000003178914, 0.6760000003178914, 0.6720000000794729, 0.6553333334922791, 0.6583333334922791, 0.6633333333333333, 0.6540000001589458, 0.6496666669845581, 0.6730000003178914, 0.6680000001589457, 0.6653333336512248, 0.6653333336512248, 0.6553333333333333, 0.6766666668256124, 0.6790000001589457, 0.6740000003178914, 0.6746666666666666, 0.681, 0.667, 0.682, 0.6800000003178914, 0.691, 0.6790000001589457, 0.6870000001589457, 0.6806666669845581, 0.6776666666666666, 0.7026666668256124, 0.6983333333333334, 0.6946666666666667, 0.7073333336512247, 0.7023333333333334, 0.703333333492279, 0.7100000001589457, 0.6953333333333334, 0.6936666668256124, 0.7020000003178914, 0.6933333334922791, 0.6990000003178914, 0.6950000003178914, 0.714333333492279, 0.7043333336512247, 0.7283333336512248, 0.714, 0.7053333336512247, 0.7126666666666667, 0.7093333336512248, 0.723, 0.6970000003178914, 0.7140000001589457, 0.7153333336512248, 0.7276666669845581, 0.7213333333333334, 0.7366666668256124, 0.7286666669845581, 0.722333333492279, 0.724333333492279, 0.7103333336512248, 0.7303333333333333, 0.7350000003178915, 0.7370000003178915, 0.7190000001589457, 0.7120000003178915, 0.7280000003178915, 0.7323333336512248, 0.7333333333333333, 0.7253333336512248, 0.7390000003178915, 0.7343333333333333, 0.7456666668256123, 0.7376666668256124, 0.7296666666666667, 0.7426666668256123, 0.721333333492279, 0.744, 0.7506666669845581, 0.7326666669845581, 0.7330000003178915, 0.7500000003178915, 0.7326666669845581, 0.7436666669845581, 0.7466666669845581, 0.7636666666666667, 0.7450000001589457, 0.751, 0.736, 0.7560000001589458, 0.7483333336512248, 0.7540000001589457, 0.7556666668256123, 0.7383333336512248], "loss": [1.4749591778119404, 1.4332669699986775, 1.5181538302103679, 1.4516464881896973, 1.3986612695058187, 1.4176945147514344, 1.4080900554656983, 1.3950486787160237, 1.4075981260935466, 1.4277048133214314, 1.3807817598978678, 1.3920432879130045, 1.3997913885116577, 1.3501839316685995, 1.3869590740203857, 1.3752877508799235, 1.3649425547917684, 1.3647805995941162, 1.2754565558433533, 1.2946221129099529, 1.311380139986674, 1.310332160949707, 1.2821210460662842, 1.2599918994903565, 1.2947525412241618, 1.2669115091959635, 1.227808703740438, 1.2443297548294068, 1.2273153457641601, 1.2896312789916993, 1.2755812530517578, 1.262085838953654, 1.2654331184228262, 1.2048115355173747, 1.2185039990743, 1.1851278252601622, 1.1546537176767986, 1.1656305383046468, 1.193937657992045, 1.1961468025843303, 1.180307804743449, 1.196122709274292, 1.2174567454655965, 1.1665650437672932, 1.185402317047119, 1.1652943862279257, 1.159756291071574, 1.2166494436264037, 1.1511910387674968, 1.1392753683725994, 1.1514903910954792, 1.119694037437439, 1.096539473215739, 1.1384432242711384, 1.0866390349070232, 1.0827532636324564, 1.1003001165390014, 1.1305436553955077, 1.0756945196787517, 1.145579683303833, 1.120399757385254, 1.0457515247662863, 1.0530223538080852, 1.1126367168426514, 1.0855820357004802, 1.0461734778086345, 1.030980520248413, 1.000292700131734, 1.0772890520095826, 1.0703125247955323, 1.070818509419759, 1.0681961137453715, 1.0657615814208985, 1.062678835550944, 1.0384426336288453, 0.9977459383010864, 0.9692909200986226, 1.0116736507415771, 1.0089357261657714, 1.0224088462193808, 1.0131251207987468, 0.9936410992940267, 1.050075011253357, 0.9733556702931722, 1.0111620953877767, 0.9522595793406169, 0.9981569029490153, 0.9218798116048177, 0.9097605991363525, 0.9732717688878377, 0.9679772675832112, 0.9930881563822428, 0.9497524461746216, 0.9272217529614767, 0.9281159634590149, 0.9807298336029052, 0.9930487526257833, 0.9504698073069254, 0.9468179391225179, 0.9167430922190348, 0.9357409296035767, 0.8922665546735128, 0.9236251017252605, 0.8678510179519653, 0.9086723483403524, 0.9404569269816081, 0.9095356616973876, 0.9460805047353109, 0.8781314350763957, 0.8860523533821106, 0.8974368403752645, 0.912291020711263, 0.8619877475102743, 0.8988988885879516, 0.8654670187632243, 0.8627587052981058, 0.8224761997858683, 0.9016231938997904, 0.8590775203704833, 0.8995044889450073, 0.8347938086191813, 0.8675287254651387, 0.840832025051117, 0.8287993761698405, 0.8808518773714701], "val_acc": [0.12429937345927358, 0.12891526538430367, 0.12660731947828824, 0.1279261457229305, 0.12990438509726343, 0.12462908011132484, 0.12166172106087975, 0.12429937353542525, 0.12100230792381958, 0.125288493233646, 0.12396966697426468, 0.12759643914703092, 0.1229805472981525, 0.12627761282623698, 0.12363996040573459, 0.12990438505304633, 0.1239696669816342, 0.12627761282623698, 0.12858555883051262, 0.12133201449234966, 0.12660731947091874, 0.12792614570082197, 0.11836465544190455, 0.1196834816791773, 0.12331025385931306, 0.12034289480149844, 0.11935377511064722, 0.1289152654064122, 0.12528849322627647, 0.12924497195283374, 0.12133201449234966, 0.11935377512538625, 0.12462908010395533, 0.12858555883051262, 0.11177052421869321, 0.12100230792381958, 0.12298054721463131, 0.12660731947091874, 0.12594790634122807, 0.1183646554124265, 0.12034289481623747, 0.11836465545664358, 0.1269370260394488, 0.12363996043521266, 0.12265084074436144, 0.12528849321153743, 0.12001318825507691, 0.1266073194561797, 0.13386086373293002, 0.12693702601734028, 0.1259479063485976, 0.12594790626507643, 0.1193537750959082, 0.12199142753114961, 0.12100230790171103, 0.12298054732271754, 0.12792614567134392, 0.12561819975795896, 0.1180349487972228, 0.11242993732627532, 0.11704582916778422, 0.1292449719307252, 0.12429937345927358, 0.12166172096998905, 0.12396966700619926, 0.12133201451691471, 0.1275964391789655, 0.12462908007447726, 0.12265084065347075, 0.123310253829835, 0.11275964388743588, 0.12396966689811302, 0.1193537750959082, 0.12726673250971868, 0.12331025384457403, 0.1252884931967984, 0.12825585226198252, 0.12100230791645006, 0.12429937354279476, 0.12627761290238865, 0.11935377512538625, 0.11473788326913832, 0.11671612264347124, 0.12363996040573459, 0.12363996042784314, 0.11638641606757164, 0.12133201449234966, 0.12331025385194355, 0.12462908009658581, 0.11902406856422569, 0.13221233100327887, 0.1157270029452505, 0.12100230791645006, 0.12067260137002853, 0.12957467851399432, 0.11869436200306513, 0.11704582918989277, 0.11935377511801674, 0.1295746785066248, 0.1196834816791773, 0.1279261457081915, 0.1239696669816342, 0.12265084073699192, 0.12858555883051262, 0.12100230792381958, 0.12396966696689517, 0.12067260137002853, 0.12166172104614072, 0.11968348169391634, 0.12528849322627647, 0.12232113418320088, 0.12594790633385858, 0.12396966697426468, 0.12429937354279476, 0.12594790633385858, 0.12726673258587035, 0.11935377511064722, 0.1249587866651159, 0.12462908009658581, 0.12627761289501913, 0.12166172104614072, 0.12528849321153743, 0.12627761289501913, 0.13122321131242765, 0.11737553576579236],