{"acc": [0.592333333492279, 0.5960000003178915, 0.5693333333333334, 0.5946666669845581, 0.6086666666666667, 0.6063333336512248, 0.602, 0.6056666669845581, 0.6113333336512248, 0.5973333336512248, 0.6156666666666667, 0.61, 0.6086666669845581, 0.6266666666666667, 0.6086666666666667, 0.6180000003178915, 0.611333333492279, 0.6230000003178915, 0.64, 0.6416666668256124, 0.6313333333333333, 0.6253333336512248, 0.6366666666666667, 0.6396666668256124, 0.641, 0.636, 0.6430000003178914, 0.6346666668256123, 0.6466666666666666, 0.6413333334922791, 0.6346666668256123, 0.6470000001589458, 0.6410000001589458, 0.6613333334922791, 0.65, 0.6620000003178914, 0.6760000003178914, 0.6720000000794729, 0.6553333334922791, 0.6583333334922791, 0.6633333333333333, 0.6540000001589458, 0.6496666669845581, 0.6730000003178914, 0.6680000001589457, 0.6653333336512248, 0.6653333336512248, 0.6553333333333333, 0.6766666668256124, 0.6790000001589457, 0.6740000003178914, 0.6746666666666666, 0.681, 0.667, 0.682, 0.6800000003178914, 0.691, 0.6790000001589457, 0.6870000001589457, 0.6806666669845581, 0.6776666666666666, 0.7026666668256124, 0.6983333333333334, 0.6946666666666667, 0.7073333336512247, 0.7023333333333334, 0.703333333492279, 0.7100000001589457, 0.6953333333333334, 0.6936666668256124, 0.7020000003178914, 0.6933333334922791, 0.6990000003178914, 0.6950000003178914, 0.714333333492279], "loss": [1.4749591778119404, 1.4332669699986775, 1.5181538302103679, 1.4516464881896973, 1.3986612695058187, 1.4176945147514344, 1.4080900554656983, 1.3950486787160237, 1.4075981260935466, 1.4277048133214314, 1.3807817598978678, 1.3920432879130045, 1.3997913885116577, 1.3501839316685995, 1.3869590740203857, 1.3752877508799235, 1.3649425547917684, 1.3647805995941162, 1.2754565558433533, 1.2946221129099529, 1.311380139986674, 1.310332160949707, 1.2821210460662842, 1.2599918994903565, 1.2947525412241618, 1.2669115091959635, 1.227808703740438, 1.2443297548294068, 1.2273153457641601, 1.2896312789916993, 1.2755812530517578, 1.262085838953654, 1.2654331184228262, 1.2048115355173747, 1.2185039990743, 1.1851278252601622, 1.1546537176767986, 1.1656305383046468, 1.193937657992045, 1.1961468025843303, 1.180307804743449, 1.196122709274292, 1.2174567454655965, 1.1665650437672932, 1.185402317047119, 1.1652943862279257, 1.159756291071574, 1.2166494436264037, 1.1511910387674968, 1.1392753683725994, 1.1514903910954792, 1.119694037437439, 1.096539473215739, 1.1384432242711384, 1.0866390349070232, 1.0827532636324564, 1.1003001165390014, 1.1305436553955077, 1.0756945196787517, 1.145579683303833, 1.120399757385254, 1.0457515247662863, 1.0530223538080852, 1.1126367168426514, 1.0855820357004802, 1.0461734778086345, 1.030980520248413, 1.000292700131734, 1.0772890520095826, 1.0703125247955323, 1.070818509419759, 1.0681961137453715, 1.0657615814208985, 1.062678835550944, 1.0384426336288453], "val_acc": [0.12429937345927358, 0.12891526538430367, 0.12660731947828824, 0.1279261457229305, 0.12990438509726343, 0.12462908011132484, 0.12166172106087975, 0.12429937353542525, 0.12100230792381958, 0.125288493233646, 0.12396966697426468, 0.12759643914703092, 0.1229805472981525, 0.12627761282623698, 0.12363996040573459, 0.12990438505304633, 0.1239696669816342, 0.12627761282623698, 0.12858555883051262, 0.12133201449234966, 0.12660731947091874, 0.12792614570082197, 0.11836465544190455, 0.1196834816791773, 0.12331025385931306, 0.12034289480149844, 0.11935377511064722, 0.1289152654064122, 0.12528849322627647, 0.12924497195283374, 0.12133201449234966, 0.11935377512538625, 0.12462908010395533, 0.12858555883051262, 0.11177052421869321, 0.12100230792381958, 0.12298054721463131, 0.12660731947091874, 0.12594790634122807, 0.1183646554124265, 0.12034289481623747, 0.11836465545664358, 0.1269370260394488, 0.12363996043521266, 0.12265084074436144, 0.12528849321153743, 0.12001318825507691, 0.1266073194561797, 0.13386086373293002, 0.12693702601734028, 0.1259479063485976, 0.12594790626507643, 0.1193537750959082, 0.12199142753114961, 0.12100230790171103, 0.12298054732271754, 0.12792614567134392, 0.12561819975795896, 0.1180349487972228, 0.11242993732627532, 0.11704582916778422, 0.1292449719307252, 0.12429937345927358, 0.12166172096998905, 0.12396966700619926, 0.12133201451691471, 0.1275964391789655, 0.12462908007447726, 0.12265084065347075, 0.123310253829835, 0.11275964388743588, 0.12396966689811302, 0.1193537750959082, 0.12726673250971868, 0.12331025384457403], "val_loss": [6.975603546201691, 7.046986709441283, 6.928876450774774, 6.9529603511006615, 7.210321802453086, 7.16173965279277, 7.141900186761943, 6.979564525567774, 7.24778734273813, 7.230839471788718, 7.174365777211578, 7.226666305547023, 7.198180035478873, 7.245135077461723, 7.140945835314763, 7.1579081745694815, 7.228508300605168, 7.1448992061960865, 7.400469619607596, 7.318926130471511, 7.505119065581239, 7.572295737903267, 7.298090424114747, 7.476624974157407, 7.353952343220999, 7.542082079872611, 7.412051971541196, 7.372597472407501, 7.529606457555251, 7.466387335868154, 7.524672249776084, 7.704799825037583, 7.4895194811747094, 7.552070637013391, 7.5826795444683475, 7.772049217148657, 7.7180969895131115, 7.8529132960300965, 7.629663237714154, 7.490636659855501, 7.570942219672249, 7.68278563584662, 7.673744129183424, 7.526774922888781, 7.745098350152614, 7.77662296150527, 7.762837579609575, 7.846942537812718, 7.707515538269405, 7.872568709520943, 7.989080104268191, 7.899399220805886, 8.005993776890534, 7.857513154492377, 7.941831962448356, 7.95456573776864, 7.806413726133755, 7.901017245780977, 7.898729151088414, 7.828038676909948, 7.981594293690577, 8.002835364928153, 8.128324124901907, 7.995839427415978, 7.920145840052131, 7.995537131995287, 8.197353294648002, 8.205179774167709, 8.012565438911697, 8.070362585038191, 8.221848093083775, 8.252976472881656, 7.9244502237673995, 8.118723727200159, 7.970803344285099]}