{"acc": [0.0023333333333333335, 0.0026666666666666666, 0.006333333333333333, 0.009333333333333334, 0.011666666666666667, 0.014666666676600774, 0.015333333333333332, 0.02233333334326744, 0.024, 0.03233333334326744, 0.03266666666666666, 0.042333333333333334, 0.04166666667660077, 0.041, 0.051666666676600775, 0.058666666666666666, 0.0726666667064031, 0.07333333335320155, 0.07733333335320154, 0.08000000001986822, 0.087, 0.09266666667660077, 0.09866666674613953, 0.09933333337306977, 0.10466666667660078, 0.11233333335320154, 0.11566666666666667, 0.12533333335320154, 0.1303333334128062, 0.13600000003973642, 0.13200000001986822, 0.13566666674613953, 0.1516666667064031, 0.1526666668256124, 0.1603333334128062, 0.173, 0.17566666682561238, 0.17933333337306975, 0.17233333337306977, 0.18800000007947287, 0.19233333333333333, 0.1973333334128062, 0.1973333334128062, 0.21033333333333334, 0.2156666668256124, 0.2106666667064031, 0.21266666666666667, 0.21733333349227904, 0.23766666682561238, 0.237], "loss": [5.301381561279297, 5.300179581960042, 5.277864078521729, 5.20238188680013, 5.136245262145996, 5.061824935913086, 4.972088940938314, 4.90213096110026, 4.831383341471354, 4.788327298482259, 4.743213223775228, 4.636018936157226, 4.593743387858073, 4.5461936403910315, 4.480835807800293, 4.415854268391927, 4.365648323059082, 4.329222351074219, 4.285083902994792, 4.249995320638021, 4.203812561035156, 4.126382985432943, 4.10871854464213, 4.062298060735067, 4.034079097747803, 3.9763831990559897, 3.9319271958669026, 3.93300528717041, 3.8696678886413576, 3.831048283894857, 3.8306053759256997, 3.7855144793192546, 3.736973021189372, 3.687469721476237, 3.6259153601328533, 3.6148058382670083, 3.5699254137674967, 3.5411111373901365, 3.520339000066121, 3.46444105275472, 3.4352170181274415, 3.4200558961232503, 3.3979949633280437, 3.356191691716512, 3.3151277472178142, 3.291631117502848, 3.2304450702667236, 3.2537023067474364, 3.1554579010009767, 3.185096794764201], "val_acc": [0.004615891848878424, 0.004615891856247939, 0.006264424662050775, 0.008242664029014177, 0.013188262446422684, 0.015496208374546653, 0.01615562149686779, 0.02274975272007913, 0.026706231454005934, 0.027695351137487636, 0.031981536425205494, 0.033300362662478246, 0.03824596108725627, 0.04154302669886194, 0.048137157914703764, 0.04418067919551599, 0.05143422353367895, 0.05176393008747, 0.0609957138073354, 0.0507748104039883, 0.05703923506603908, 0.0619848334908171, 0.06099571379996588, 0.07121661719594347, 0.06956808439014063, 0.07451368280754914, 0.07517309592250075, 0.07682162874304262, 0.07154632376447355, 0.07781074843389384, 0.07187603033300363, 0.08737223870018077, 0.07583250906693043, 0.08770194525397182, 0.08572370589437793, 0.0850642927720568, 0.08440487964973566, 0.08935047806714416, 0.08242664029014177, 0.0850642926811661, 0.09528519616066486, 0.09000989118209579, 0.09990108802428231, 0.09033959775062587, 0.08341575995888445, 0.09297725024727992, 0.09627431585151608, 0.0999010880169128, 0.10154962082271564, 0.0999010880169128], "val_loss": [5.298294992915404, 5.298263950549138, 5.239364456116387, 5.158824795510091, 5.103083924967347, 5.016357096122745, 5.005756838660487, 4.933552343303758, 4.881007356766306, 4.841331341853835, 4.807285134013321, 4.784086725792789, 4.752163985441355, 4.740534975785765, 4.675155889307985, 4.740434649279123, 4.721486980672171, 4.64288274156273, 4.6454982716692115, 4.636583868914062, 4.675685053723817, 4.5918373696842565, 4.678264533337531, 4.5693104561901, 4.7783175445491235, 4.5912380180773935, 4.642491399278902, 4.597259513466342, 4.608354540811369, 4.6408065972924035, 4.68455271448902, 4.595018510412864, 4.578822782713314, 4.692969045975481, 4.673579052655641, 4.653471259366472, 4.696699035234511, 4.818770348888162, 4.80927932439289, 4.6469021974677425, 4.638785651600325, 4.721510268814132, 4.687819894846618, 4.719943134139325, 4.691948991618926, 4.782602468183085, 4.786948787313148, 4.818591584476983, 4.767992199037164, 4.885266474910274]}