{"acc": [0.0023333333333333335, 0.0026666666666666666, 0.006333333333333333, 0.009333333333333334, 0.011666666666666667, 0.014666666676600774, 0.015333333333333332, 0.02233333334326744, 0.024, 0.03233333334326744, 0.03266666666666666, 0.042333333333333334, 0.04166666667660077, 0.041, 0.051666666676600775, 0.058666666666666666, 0.0726666667064031, 0.07333333335320155, 0.07733333335320154, 0.08000000001986822, 0.087, 0.09266666667660077, 0.09866666674613953, 0.09933333337306977, 0.10466666667660078, 0.11233333335320154, 0.11566666666666667, 0.12533333335320154, 0.1303333334128062, 0.13600000003973642, 0.13200000001986822, 0.13566666674613953, 0.1516666667064031, 0.1526666668256124, 0.1603333334128062, 0.173, 0.17566666682561238, 0.17933333337306975, 0.17233333337306977, 0.18800000007947287, 0.19233333333333333, 0.1973333334128062, 0.1973333334128062, 0.21033333333333334, 0.2156666668256124, 0.2106666667064031, 0.21266666666666667, 0.21733333349227904, 0.23766666682561238, 0.237, 0.23666666674613954, 0.2443333334128062, 0.2580000000198682, 0.2576666667461395, 0.268, 0.25466666666666665, 0.2806666666666667, 0.2743333333333333, 0.27666666682561236, 0.2816666666666667, 0.28333333349227907, 0.2940000000397364, 0.29433333333333334, 0.3016666666666667, 0.314, 0.31, 0.319, 0.3166666667461395, 0.328, 0.3196666668256124, 0.325, 0.3413333333333333, 0.33133333349227906, 0.3400000001589457, 0.35733333333333334, 0.34066666674613955, 0.3586666668256124, 0.35800000007947286, 0.35800000007947286, 0.38, 0.371, 0.38533333333333336, 0.378, 0.37300000007947287, 0.3933333334128062, 0.3946666668256124, 0.4026666666666667, 0.40800000007947285, 0.4053333334128062, 0.42033333333333334, 0.40866666682561237, 0.4156666668256124, 0.4256666666666667, 0.4246666668256124, 0.429, 0.43166666666666664, 0.426, 0.44433333333333336, 0.45133333349227905, 0.44700000031789144], "loss": [5.301381561279297, 5.300179581960042, 5.277864078521729, 5.20238188680013, 5.136245262145996, 5.061824935913086, 4.972088940938314, 4.90213096110026, 4.831383341471354, 4.788327298482259, 4.743213223775228, 4.636018936157226, 4.593743387858073, 4.5461936403910315, 4.480835807800293, 4.415854268391927, 4.365648323059082, 4.329222351074219, 4.285083902994792, 4.249995320638021, 4.203812561035156, 4.126382985432943, 4.10871854464213, 4.062298060735067, 4.034079097747803, 3.9763831990559897, 3.9319271958669026, 3.93300528717041, 3.8696678886413576, 3.831048283894857, 3.8306053759256997, 3.7855144793192546, 3.736973021189372, 3.687469721476237, 3.6259153601328533, 3.6148058382670083, 3.5699254137674967, 3.5411111373901365, 3.520339000066121, 3.46444105275472, 3.4352170181274415, 3.4200558961232503, 3.3979949633280437, 3.356191691716512, 3.3151277472178142, 3.291631117502848, 3.2304450702667236, 3.2537023067474364, 3.1554579010009767, 3.185096794764201, 3.121256010691325, 3.12027569325765, 3.0885199686686198, 3.049976727803548, 3.0114219824473065, 3.041727279663086, 2.953358574549357, 2.9317910010019936, 2.919225034077962, 2.8805113004048666, 2.8912857138315835, 2.843168025334676, 2.843119993209839, 2.8234925111134848, 2.764155705769857, 2.7204975560506184, 2.7195377922058106, 2.6993026854197186, 2.685204154968262, 2.6709347457885744, 2.642265141805013, 2.6028985951741537, 2.611765973409017, 2.5657598838806153, 2.514366237640381, 2.5776077098846435, 2.492826123873393, 2.472770719528198, 2.449892900466919, 2.4239785353342693, 2.420686847686768, 2.393468828201294, 2.400533840179443, 2.3853786233266194, 2.3387821973164877, 2.304498731613159, 2.3204604523976644, 2.2759859415690102, 2.26996195602417, 2.2207996571858724, 2.2449322395324707, 2.19568266805013, 2.1784125728607178, 2.1637264022827147, 2.1681668663024904, 2.141017431894938, 2.205158176422119, 2.0950796648661294, 2.053977700551351, 2.087628033320109], "val_acc": [0.004615891848878424, 0.004615891856247939, 0.006264424662050775, 0.008242664029014177, 0.013188262446422684, 0.015496208374546653, 0.01615562149686779, 0.02274975272007913, 0.026706231454005934, 0.027695351137487636, 0.031981536425205494, 0.033300362662478246, 0.03824596108725627, 0.04154302669886194, 0.048137157914703764, 0.04418067919551599, 0.05143422353367895, 0.05176393008747, 0.0609957138073354, 0.0507748104039883, 0.05703923506603908, 0.0619848334908171, 0.06099571379996588, 0.07121661719594347, 0.06956808439014063, 0.07451368280754914, 0.07517309592250075, 0.07682162874304262, 0.07154632376447355, 0.07781074843389384, 0.07187603033300363, 0.08737223870018077, 0.07583250906693043, 0.08770194525397182, 0.08572370589437793, 0.0850642927720568, 0.08440487964973566, 0.08935047806714416, 0.08242664029014177, 0.0850642926811661, 0.09528519616066486, 0.09000989118209579, 0.09990108802428231, 0.09033959775062587, 0.08341575995888445, 0.09297725024727992, 0.09627431585151608, 0.0999010880169128, 0.10154962082271564, 0.0999010880169128, 0.10484668644169082, 0.09957138147049126, 0.0999010880169128, 0.10220903393766725, 0.09792284864994939, 0.09990108800217376, 0.10089020761687331, 0.1068249258012847, 0.09363666336223155, 0.10550609956401195, 0.10946257830530827, 0.10946257829056924, 0.11012199140552086, 0.10220903395240628, 0.1121002307872233, 0.10550609956401195, 0.10748433892360584, 0.10847345861445706, 0.1008902077003945, 0.09891196832606158, 0.10418727330463065, 0.10121991424681603, 0.10583580611780301, 0.10451697986579123, 0.10847345860708754, 0.11210023077248427, 0.11671612263610172, 0.1068249258012847, 0.11506758980082082, 0.1084734586316526, 0.11045169795931191, 0.10649521921064607, 0.1153972964160245, 0.1183646554124265, 0.1137487635782871, 0.10814375205329649, 0.11407847014681718, 0.11440817671534727, 0.1246290800892163, 0.11177052418921515, 0.10946257826109118, 0.11869436201780416, 0.1101219914276294, 0.12363996041310411, 0.11869436201043464, 0.10847345859971802, 0.11902406856422569, 0.11341905703186557, 0.11045169796668143, 0.11803494888074399], "val_loss": [5.298294992915404, 5.298263950549138, 5.239364456116387, 5.158824795510091, 5.103083924967347, 5.016357096122745, 5.005756838660487, 4.933552343303758, 4.881007356766306, 4.841331341853835, 4.807285134013321, 4.784086725792789, 4.752163985441355, 4.740534975785765, 4.675155889307985, 4.740434649279123, 4.721486980672171, 4.64288274156273, 4.6454982716692115, 4.636583868914062, 4.675685053723817, 4.5918373696842565, 4.678264533337531, 4.5693104561901, 4.7783175445491235, 4.5912380180773935, 4.642491399278902, 4.597259513466342, 4.608354540811369, 4.6408065972924035, 4.68455271448902, 4.595018510412864, 4.578822782713314, 4.692969045975481, 4.673579052655641, 4.653471259366472, 4.696699035234511, 4.818770348888162, 4.80927932439289, 4.6469021974677425, 4.638785651600325, 4.721510268814132, 4.687819894846618, 4.719943134139325, 4.691948991618926, 4.782602468183085, 4.786948787313148, 4.818591584476983, 4.767992199037164, 4.885266474910274, 4.775385916999492, 4.817363299908435, 4.95393606793397, 4.77288162578579, 4.938812356477833, 4.886838029722471, 4.969729725614146, 4.888731745812039, 5.052490387346499, 5.200201772204964, 5.012752889997292, 5.157905858772798, 5.122262249439414, 5.123631960953418, 5.108686646493873, 5.213852362785251, 5.222917433976734, 5.306545968343431, 5.3243794889289715, 5.294923933905184, 5.448764421819579, 5.235960217226546, 5.289223174627488, 5.330217546179394, 5.49923155954715, 5.264260437635553, 5.435738382896023, 5.3959488162812015, 5.482691194293446, 5.509199768963168, 5.415795414745709, 5.513115817628754, 5.571351236845847, 5.5388470405090615, 5.467295616010294, 5.571453581381426, 5.654748790695688, 5.676788900773438, 5.614463572528863, 5.600274343204467, 5.611489089062769, 5.834570330831426, 5.791859091605599, 5.792767958164687, 5.873571419299258, 6.083234391273778, 5.8455681451822015, 5.82547262058453, 6.039200078918326, 5.973614648824629]}